{
  "name": "D1_tfim_scaling",
  "task": "TFIM_g1_OBC",
  "n_values": [
    4,
    6,
    8
  ],
  "topology_family": "line (nearest-neighbour)",
  "seed": 0,
  "rows": [
    {
      "n": 4,
      "supports_magic": true,
      "n_iters": 15,
      "E_nash": -4.4844167879328305,
      "E_exact": -4.7587704831436,
      "rel_error_vs_exact": 0.05765222260299764,
      "final_potential": 4.011595278963465,
      "delta_nash_final": 0.09999999999999998,
      "per_player": {
        "anti_bp": {
          "raw": 1.0,
          "weighted": 0.3,
          "sign": 1
        },
        "anti_sim": {
          "raw": 0.13586372919822642,
          "weighted": 0.027172745839645285,
          "sign": 1
        },
        "performance": {
          "raw": 4.48440573120368,
          "weighted": 4.48440573120368,
          "sign": 1
        },
        "hardware": {
          "raw": 8.0,
          "weighted": -0.8,
          "sign": -1
        },
        "Phi": 4.011578477043325
      },
      "n_ops": 9,
      "depth": 4,
      "n_params": 5,
      "gate_counts": {
        "h": 4,
        "rzz": 2,
        "rx": 3
      },
      "wall_time_s": 153.41100948292296,
      "mean_iter_s": 10.227400632194865
    },
    {
      "n": 6,
      "supports_magic": true,
      "n_iters": 15,
      "E_nash": -6.720481004816049,
      "E_exact": -7.2962298105588,
      "rel_error_vs_exact": 0.07891045384967878,
      "final_potential": 6.047102325457946,
      "delta_nash_final": 0.19999999999999996,
      "per_player": {
        "anti_bp": {
          "raw": 1.0,
          "weighted": 0.3,
          "sign": 1
        },
        "anti_sim": {
          "raw": 0.13209518734840223,
          "weighted": 0.026419037469680447,
          "sign": 1
        },
        "performance": {
          "raw": 6.72044495230776,
          "weighted": 6.72044495230776,
          "sign": 1
        },
        "hardware": {
          "raw": 10.0,
          "weighted": -1.0,
          "sign": -1
        },
        "Phi": 6.0468639897774406
      },
      "n_ops": 13,
      "depth": 4,
      "n_params": 7,
      "gate_counts": {
        "h": 6,
        "rzz": 3,
        "rx": 4
      },
      "wall_time_s": 343.196349746082,
      "mean_iter_s": 22.8797566497388
    },
    {
      "n": 8,
      "supports_magic": true,
      "n_iters": 15,
      "E_nash": -8.956479955191256,
      "E_exact": -9.8379514474594,
      "rel_error_vs_exact": 0.08959908950310783,
      "final_potential": 8.028063923001056,
      "delta_nash_final": 0.20000000000000018,
      "per_player": {
        "anti_bp": {
          "raw": 0.8181818181818182,
          "weighted": 0.24545454545454545,
          "sign": 1
        },
        "anti_sim": {
          "raw": 0.13064711177627603,
          "weighted": 0.026129422355255207,
          "sign": 1
        },
        "performance": {
          "raw": 8.956479955191256,
          "weighted": 8.956479955191256,
          "sign": 1
        },
        "hardware": {
          "raw": 12.0,
          "weighted": -1.2000000000000002,
          "sign": -1
        },
        "Phi": 8.028063923001056
      },
      "n_ops": 19,
      "depth": 4,
      "n_params": 11,
      "gate_counts": {
        "h": 8,
        "rzz": 4,
        "rx": 7
      },
      "wall_time_s": 509.6995364499744,
      "mean_iter_s": 33.97996909666496
    }
  ],
  "total_wall_s": 1008.3944282460725
}