{
  "bond_length_angstrom": 1.545,
  "frozen_core": [
    0,
    1
  ],
  "frozen_virtual_spin_orbitals": [
    4,
    5,
    6,
    7
  ],
  "n_qubits": 6,
  "e_hf": -7.863147386115319,
  "e_fci": -7.88276116612098,
  "e_active_ground": -7.877793391651295,
  "terms": [
    [
      "IIIIII",
      -6.928039256894898
    ],
    [
      "ZIIIII",
      -0.059891288747234976
    ],
    [
      "YZZZYI",
      0.00018591936992199548
    ],
    [
      "XZZZXI",
      0.00018591936992199548
    ],
    [
      "IZIIII",
      -0.05989128874723507
    ],
    [
      "IYZZZY",
      0.00018591936992199895
    ],
    [
      "IXZZZX",
      0.00018591936992199895
    ],
    [
      "IIZIII",
      -0.1591598728538945
    ],
    [
      "IIIZII",
      -0.1591598728538945
    ],
    [
      "IIIIZI",
      -0.3276064531624525
    ],
    [
      "IIIIIZ",
      -0.32760645316245257
    ],
    [
      "ZZIIII",
      0.12278429902398581
    ],
    [
      "YIZZYI",
      -0.03242810201138764
    ],
    [
      "XIZZXI",
      -0.03242810201138764
    ],
    [
      "YXXYII",
      0.005932312376704989
    ],
    [
      "YYXXII",
      -0.005932312376704989
    ],
    [
      "XXYYII",
      -0.005932312376704989
    ],
    [
      "XYYXII",
      0.005932312376704989
    ],
    [
      "ZYZZZY",
      -0.03242810201138764
    ],
    [
      "ZXZZZX",
      -0.03242810201138764
    ],
    [
      "YXIIXY",
      0.03084029504436058
    ],
    [
      "YYIIXX",
      -0.03084029504436058
    ],
    [
      "XXIIYY",
      -0.03084029504436058
    ],
    [
      "XYIIYX",
      0.03084029504436058
    ],
    [
      "ZIZIII",
      0.06229164902182914
    ],
    [
      "YZIZYI",
      -0.0015384695639840225
    ],
    [
      "XZIZXI",
      -0.0015384695639840225
    ],
    [
      "ZIIZII",
      0.06822396139853414
    ],
    [
      "YZZIYI",
      0.0033517374986683345
    ],
    [
      "XZZIXI",
      0.0033517374986683345
    ],
    [
      "YZYYZY",
      -0.004890207062652357
    ],
    [
      "YZYXZX",
      -0.004890207062652357
    ],
    [
      "XZXYZY",
      -0.004890207062652357
    ],
    [
      "XZXXZX",
      -0.004890207062652357
    ],
    [
      "ZIIIZI",
      0.08313312552797025
    ],
    [
      "ZIIIIZ",
      0.11397342057233081
    ],
    [
      "YZZZYZ",
      -0.03442728918448608
    ],
    [
      "XZZZXZ",
      -0.03442728918448608
    ],
    [
      "IZZIII",
      0.06822396139853414
    ],
    [
      "IYIZZY",
      0.0033517374986683345
    ],
    [
      "IXIZZX",
      0.0033517374986683345
    ],
    [
      "IYXXYI",
      -0.004890207062652357
    ],
    [
      "IYYXXI",
      0.004890207062652357
    ],
    [
      "IXXYYI",
      0.004890207062652357
    ],
    [
      "IXYYXI",
      -0.004890207062652357
    ],
    [
      "IZIZII",
      0.06229164902182914
    ],
    [
      "IYZIZY",
      -0.0015384695639840225
    ],
    [
      "IXZIZX",
      -0.0015384695639840225
    ],
    [
      "IZIIZI",
      0.11397342057233081
    ],
    [
      "IYZZIY",
      -0.03442728918448608
    ],
    [
      "IXZZIX",
      -0.03442728918448608
    ],
    [
      "IZIIIZ",
      0.08313312552797025
    ],
    [
      "IIZZII",
      0.07823637778985232
    ],
    [
      "IIYXXY",
      0.004901238262809893
    ],
    [
      "IIYYXX",
      -0.004901238262809893
    ],
    [
      "IIXXYY",
      -0.004901238262809893
    ],
    [
      "IIXYYX",
      0.004901238262809893
    ],
    [
      "IIZIZI",
      0.062301151646393604
    ],
    [
      "IIZIIZ",
      0.06720238990920349
    ],
    [
      "IIIZZI",
      0.06720238990920349
    ],
    [
      "IIIZIZ",
      0.062301151646393604
    ],
    [
      "IIIIZZ",
      0.11385849843410134
    ]
  ]
}